{"cameraMode":{"drawMode":0,"name":"Shaded","section":"Shading Mode"},"sceneLighting":true,"audioPlay":false,"sceneViewState":{"showFog":true,"showMaterialUpdate":false,"showSkybox":true,"showFlares":true,"showImageEffects":true,"showParticleSystems":true},"in2DMode":false,"pivot":{"x":25.826770782470704,"y":-3.672779083251953,"z":9.04721450805664},"rotation":{"x":0.5403108596801758,"y":0.09322664886713028,"z":-0.06039230525493622,"w":0.834104061126709},"size":32.874351501464847,"orthographic":false}