{"cameraMode":{"drawMode":0,"name":"Shaded","section":"Shading Mode"},"sceneLighting":false,"audioPlay":false,"sceneViewState":{"showFog":true,"showMaterialUpdate":false,"showSkybox":false,"showFlares":true,"showImageEffects":true,"showParticleSystems":true},"in2DMode":false,"pivot":{"x":-7.434999942779541,"y":-8.229999542236329,"z":-7.371999740600586},"rotation":{"x":0.20435461401939393,"y":-0.4516451358795166,"z":0.10708558559417725,"w":0.861854612827301},"size":30.387001037597658,"orthographic":false}