{"cameraMode":{"drawMode":0,"name":"Shaded","section":"Shading Mode"},"sceneLighting":false,"audioPlay":false,"sceneViewState":{"showFog":true,"showMaterialUpdate":false,"showSkybox":false,"showFlares":true,"showImageEffects":true,"showParticleSystems":true},"in2DMode":false,"pivot":{"x":8.186125755310059,"y":-8.229999542236329,"z":-11.609999656677246},"rotation":{"x":0.5987453460693359,"y":0.07562897354364395,"z":-0.05693821609020233,"w":0.7953281402587891},"size":20.409374237060548,"orthographic":false}