{"cameraMode":{"drawMode":0,"name":"Shaded","section":"Shading Mode"},"sceneLighting":false,"audioPlay":false,"sceneViewState":{"showFog":true,"showMaterialUpdate":false,"showSkybox":false,"showFlares":true,"showImageEffects":true,"showParticleSystems":true},"in2DMode":false,"pivot":{"x":16.88873291015625,"y":-12.142244338989258,"z":-3.27443790435791},"rotation":{"x":-0.02305498719215393,"y":0.7628664970397949,"z":-0.6455708146095276,"w":-0.027243848890066148},"size":7.972904205322266,"orthographic":false}